frame,sha256,source_image,severity,corrosion_area,boxes,degraded,licence
38f9522a45fa8721.jpg,38f9522a45fa8721be99120006d14f29e34c7cd8dafededc21010de63644f180,Attaran7_JPG_jpg.rf.a9f09383c627eba46a49cb663a6d32cc.jpg,none,0.0,0,,CC-BY-4.0
49f72578967cbcb7.jpg,49f72578967cbcb71e434199db5f9540e81efb19f03389b2af9de91a26b61f16,Attaran7_JPG_jpg.rf.a9f09383c627eba46a49cb663a6d32cc.jpg,none,0.0,0,glare,CC-BY-4.0
ba6b1f2349eae0d0.jpg,ba6b1f2349eae0d00b6f233fa59bfe93e3b9ee8491165974e0cd03370b99fc2e,KKR_DSCN1327_JPG_jpg.rf.0a59bb930f9d0ab502f3f8494297d496.jpg,none,0.0,0,,CC-BY-4.0
db4a105335494385.jpg,db4a1053354943851f253762c7d9bb7c429a954495ad48ed1954595cc318c254,KKR_DSCN1327_JPG_jpg.rf.0a59bb930f9d0ab502f3f8494297d496.jpg,none,0.0,0,blur,CC-BY-4.0
f29ae8ca683de8d2.jpg,f29ae8ca683de8d261628fc90e8c651476cce07239633a4579976f10e54fbbfe,KwanLoneDSCN1716_JPG_jpg.rf.554fa608f97c8382b117b87f478ba00a.jpg,severe,0.04311,1,,CC-BY-4.0
ecc08863700d37d3.jpg,ecc08863700d37d3eaa773e25f85b287dcf07015843ef67899a570c380301750,KwanLoneDSCN1716_JPG_jpg.rf.554fa608f97c8382b117b87f478ba00a.jpg,severe,0.04311,1,occlusion,CC-BY-4.0
bbbb0aabc80e55b4.jpg,bbbb0aabc80e55b41b8341f0b6517d0cb5aecc6c4645635814523aa32c171a3d,ManSaung-2_jpg.rf.910be64071058fa9a9f7623b6c83d972.jpg,severe,0.43301,3,,CC-BY-4.0
e97d09793b540c90.jpg,e97d09793b540c90b5538384df40635fd902beb946e282e21914b14b33ddecd5,ManSaung-2_jpg.rf.910be64071058fa9a9f7623b6c83d972.jpg,severe,0.43301,3,blur,CC-BY-4.0
beb13f60c5690596.jpg,beb13f60c5690596b710e7ae43590b6ff4c8513cb5cd42d0e14881d563cd236f,ManSaung14_jpg.rf.52f4481ab6bc72d438642bc12fbb8c28.jpg,severe,0.13919,1,,CC-BY-4.0
023d95f1c66473ce.jpg,023d95f1c66473ce042aa3b5dda268e6c86a19b91761dc607176f92c13085e3f,ManSaung14_jpg.rf.52f4481ab6bc72d438642bc12fbb8c28.jpg,severe,0.13919,1,low_light,CC-BY-4.0
1e914c6d50505a70.jpg,1e914c6d50505a7073fbe56f25039211fa049b97949ce0834a3288dadec818c4,ManSaung18_jpg.rf.142e97f1f0b025a391693cce1cf315b3.jpg,severe,0.15728,5,,CC-BY-4.0
0f45549e07366cd9.jpg,0f45549e07366cd9a70b724428b9fbeae46373d0ff04846b06e92fc86764cd26,ManSaung18_jpg.rf.142e97f1f0b025a391693cce1cf315b3.jpg,severe,0.15728,5,glare,CC-BY-4.0
537bd9f8a17ca49b.jpg,537bd9f8a17ca49b42e7d80c0f1b4194970b1f76f461f8f16ee508b4e11c78c7,ManSaung20_jpg.rf.468ea1fbe2d78319ce25c4fa29ad8db1.jpg,none,0.0,0,,CC-BY-4.0
b76d81086112767b.jpg,b76d81086112767b49541a70b0a829ed0126fa13568dba5f8f38cbcc95ed81d3,ManSaung20_jpg.rf.468ea1fbe2d78319ce25c4fa29ad8db1.jpg,none,0.0,0,glare,CC-BY-4.0
22e523c1ac4892e8.jpg,22e523c1ac4892e80e6b26915027f653496ebacc051a9fb9458ce0fb2643f164,ManSaung7_jpg.rf.368309a3b623d41aaffdb2522fb4cefe.jpg,surface,0.0032,2,,CC-BY-4.0
5645b89dfa44d996.jpg,5645b89dfa44d99667100c911fb158e9509f5418669e6e88b0b940ea797e83a1,ManSaung7_jpg.rf.368309a3b623d41aaffdb2522fb4cefe.jpg,surface,0.0032,2,occlusion,CC-BY-4.0
429dd3a747245b89.jpg,429dd3a747245b89572865a04650ffa752f796f5173b66f706d682d47edb28b9,PaMaWaddy-3_JPG_jpg.rf.08673a82759f8cf728ac1ab9d7e50f44.jpg,surface,0.01399,1,,CC-BY-4.0
f563d260c590a31f.jpg,f563d260c590a31fd7a066ed822351324c0724e2eee18ed2e476c4dc9c8d679c,PaMaWaddy-3_JPG_jpg.rf.08673a82759f8cf728ac1ab9d7e50f44.jpg,surface,0.01399,1,occlusion,CC-BY-4.0
0071939abe20c392.jpg,0071939abe20c392e08ebe02cdae0c5b0cd6fea999803d27c672ef3d6bce9a8e,PaMaWaddy-41_jpg.rf.5532be8c2c7c114b072041d89b54aab8.jpg,none,0.0,0,,CC-BY-4.0
d797ee47568703b8.jpg,d797ee47568703b80da90d1973e6d4d65bca269e133c1237428a19bd3497692c,PaMaWaddy-41_jpg.rf.5532be8c2c7c114b072041d89b54aab8.jpg,none,0.0,0,blur,CC-BY-4.0
b14ed572fd61b0f7.jpg,b14ed572fd61b0f7fdbda16c168cbfa6101df6ba639a23097307f8103fbfa83d,PaMaWaddy-4_JPG_jpg.rf.4e2f130e634d706a5daf8a7b40aebc12.jpg,severe,0.13291,1,,CC-BY-4.0
39c1658476574f0f.jpg,39c1658476574f0f7b8305e7b9ff57a2f17c828414a3d831562aa3e53bc8821c,PaMaWaddy-4_JPG_jpg.rf.4e2f130e634d706a5daf8a7b40aebc12.jpg,severe,0.13291,1,blur,CC-BY-4.0
1788a4a6e500f2cd.jpg,1788a4a6e500f2cd17bedfc14680ae68ff600143bde36a148f17bdd680ceda21,ShweLi_DSCN1750_JPG_jpg.rf.ecfc4292674ad92ad0f50d05f09d9e6e.jpg,none,0.0,0,,CC-BY-4.0
4db9c0d0b6b57c82.jpg,4db9c0d0b6b57c82a10bf468119f76c9b99e00869bfae54acc8827035dab3417,ShweLi_DSCN1750_JPG_jpg.rf.ecfc4292674ad92ad0f50d05f09d9e6e.jpg,none,0.0,0,noise,CC-BY-4.0
86cddea8cb79aab0.jpg,86cddea8cb79aab0f36ba279479e612ef683404b45e6b4a6380f45e0b785f6ef,ShweLi_DSCN1751_JPG_jpg.rf.8fb9c2c4f7ce0ff7d84d29fd9416c525.jpg,none,0.0,0,,CC-BY-4.0
95d9af0fad1aa1f6.jpg,95d9af0fad1aa1f644a265268af56f4d693f7f61e5e3c541f4b875a8017ada0f,ShweLi_DSCN1751_JPG_jpg.rf.8fb9c2c4f7ce0ff7d84d29fd9416c525.jpg,none,0.0,0,blur,CC-BY-4.0
349779747dd0697a.jpg,349779747dd0697a1de0d3399a3eab83018dd51c7c1310e58258278624aa5462,TarKawatt_4_jpg.rf.d9e7d382ca880d2c0f8bb10c0f2b0093.jpg,severe,0.0103,3,,CC-BY-4.0
f763e183c5f824fd.jpg,f763e183c5f824fdb4730799cdb9eb03ef42c474c927b1cc79292ec3f3a58b81,TarKawatt_4_jpg.rf.d9e7d382ca880d2c0f8bb10c0f2b0093.jpg,severe,0.0103,3,noise,CC-BY-4.0
a7751e72ed54461d.jpg,a7751e72ed54461d2324c8ce3b4ac5e1ada78127b8834d567ee60f30c8c6f136,ThaYu-15_jpg.rf.47ed96fef254b47561a4e7c6dd652254.jpg,none,0.0,0,,CC-BY-4.0
bba0e9bdcb4508d7.jpg,bba0e9bdcb4508d7487ca14834aa2dfbe0d0a2c343f3526947a1cc04befa7fd4,ThaYu-15_jpg.rf.47ed96fef254b47561a4e7c6dd652254.jpg,none,0.0,0,glare,CC-BY-4.0
28added62e77d530.jpg,28added62e77d530199939d974e9cc53877e943f1577cb8e74c23f4cbebb6064,ThaYu_26_jpg.rf.4c707b4102e492275ba318f42b30212b.jpg,none,0.0,0,,CC-BY-4.0
8c03bf40e298fc9e.jpg,8c03bf40e298fc9e20b6c1234d37a563b84d55ef96ed8d270baae13b2f5c9134,ThaYu_26_jpg.rf.4c707b4102e492275ba318f42b30212b.jpg,none,0.0,0,blur,CC-BY-4.0
87748e711714aa89.jpg,87748e711714aa89caf7354d8830b5ca185aea3223876f51828d2e0da02aa226,ThaYu_27_jpg.rf.0a1c00743b80d41416453c52ebdfe9e9.jpg,none,0.0,0,,CC-BY-4.0
b73f768abc0c6508.jpg,b73f768abc0c65088b163fdcf2cd6233b9a58b8c25b25a6922bf8fdf0c4a1d20,ThaYu_27_jpg.rf.0a1c00743b80d41416453c52ebdfe9e9.jpg,none,0.0,0,glare,CC-BY-4.0
678bb745496ae433.jpg,678bb745496ae43309f629fe02e83b1a6f28c27dbbf0ab3cac1ac8d46fd3fe61,URu-3_JPG_jpg.rf.e4567a70dde86db6db30e24915afbb8a.jpg,severe,0.10251,3,,CC-BY-4.0
e8b1650dfdb9155d.jpg,e8b1650dfdb9155d639474410edd8621eaca237e254a9ff9bff85ef02109ec3b,URu-3_JPG_jpg.rf.e4567a70dde86db6db30e24915afbb8a.jpg,severe,0.10251,3,low_light,CC-BY-4.0
7f33f59c06789a13.jpg,7f33f59c06789a1304a124a6ae9b627506af1d75e39c19a90cdfbc5a66533186,URu4_jpg.rf.7de3108fec1a68a7accdc6c0620137b3.jpg,surface,0.00446,1,,CC-BY-4.0
5b2fb351112d6d02.jpg,5b2fb351112d6d028b95a08163319801d1b5ae8b73995c08431c589cfcf3063d,URu4_jpg.rf.7de3108fec1a68a7accdc6c0620137b3.jpg,surface,0.00446,1,blur,CC-BY-4.0
3420892c3cb2a665.jpg,3420892c3cb2a665a312287c51d7a1c1d42d145f191c2003fa1cb74fe7774e53,URu5_jpg.rf.d7cbff752020f4c27085ec96f0c3fe13.jpg,severe,0.08105,3,,CC-BY-4.0
6dba02dea7b781f3.jpg,6dba02dea7b781f34064c99a35cbbe9def4d0a14f9259aabd8bb2d71ef6ef6f8,URu5_jpg.rf.d7cbff752020f4c27085ec96f0c3fe13.jpg,severe,0.08105,3,occlusion,CC-BY-4.0
6a33f8f5b7545b68.jpg,6a33f8f5b7545b6813f257aa2a785b85a9d73da59643ebf4874f5068524f78f4,vlc_extracted00001_jpg.rf.56e855e9af8f83c6dba050464c15c7f3.jpg,severe,0.08231,4,,CC-BY-4.0
f33ddcc51c73f322.jpg,f33ddcc51c73f322bc3d2b48cee85ce37ec3ebd1a7f082f8fe2e3a9e758f5e00,vlc_extracted00001_jpg.rf.56e855e9af8f83c6dba050464c15c7f3.jpg,severe,0.08231,4,blur,CC-BY-4.0
449be58009a55fe3.jpg,449be58009a55fe396219e5e1f7973d1fdc3b439c8087bbba1c97d73f5b7aac5,vlc_extracted00001_jpg.rf.abf11917ede4b3bc9b32afa2f3dcc1af.jpg,none,0.0,0,,CC-BY-4.0
6ffb7ec780f92a13.jpg,6ffb7ec780f92a131b9404c3153c80f7ed7e9a5fa4fc24c3cb8b6cb497be3a07,vlc_extracted00001_jpg.rf.abf11917ede4b3bc9b32afa2f3dcc1af.jpg,none,0.0,0,low_light,CC-BY-4.0
4e0c918d61893bfb.jpg,4e0c918d61893bfbfedd0ed9dd37d6a8a118a531604ac4da6eb739d382955073,vlc_extracted00001_jpg.rf.e2f51756430a447e199690bee905fe4c.jpg,none,0.0,0,,CC-BY-4.0
621ee87a34ed1db3.jpg,621ee87a34ed1db37a2a6887b502dcf1108a14b44d5b38323a7c532f7892677e,vlc_extracted00001_jpg.rf.e2f51756430a447e199690bee905fe4c.jpg,none,0.0,0,low_light,CC-BY-4.0
4b90ce53c1a2014d.jpg,4b90ce53c1a2014dedb4b07257605eec87321c9fe7c610ce40e483a4863b4fd4,vlc_extracted00006_jpg.rf.70139f4b9671e5a2bbf0dde705dab140.jpg,severe,0.07256,4,,CC-BY-4.0
10e77ee6da48c23e.jpg,10e77ee6da48c23ec9fd495003bcebfd5d57965a329758e55b49b422921465ce,vlc_extracted00006_jpg.rf.70139f4b9671e5a2bbf0dde705dab140.jpg,severe,0.07256,4,blur,CC-BY-4.0
1ddc6841dae0e1cc.jpg,1ddc6841dae0e1cc6086f432b63a4c9eabf8304c99214d03dc10a0d1eadb4702,vlc_extracted00011_jpg.rf.3733451bb9b49cc1da2aa52cc2b4a96c.jpg,severe,0.03429,4,,CC-BY-4.0
146549ba9779dd0f.jpg,146549ba9779dd0f90e815e536ee1231e0f9201bcaf5826ed2e91a198692ce50,vlc_extracted00011_jpg.rf.3733451bb9b49cc1da2aa52cc2b4a96c.jpg,severe,0.03429,4,glare,CC-BY-4.0
79a00cde2b9991aa.jpg,79a00cde2b9991aa2df08ade7d8b68799d1ccbf9997c3eae6ad48aca17368cb6,vlc_extracted00016_jpg.rf.5a3675bb79ccfb207ac6ff34033a91e1.jpg,none,0.0,0,,CC-BY-4.0
a6dfb7997d9234c3.jpg,a6dfb7997d9234c3df48866ddbaf26534a8087e74e110adcb64d67d5177c74a8,vlc_extracted00016_jpg.rf.5a3675bb79ccfb207ac6ff34033a91e1.jpg,none,0.0,0,low_light,CC-BY-4.0
8a4b4ade578f921b.jpg,8a4b4ade578f921bbbe0c056dee7783298ac68d16674f03c8ce6fa77991353e7,vlc_extracted00021_jpg.rf.3204dfcfe4c661cbb735605bb83ead5c.jpg,severe,0.03214,4,,CC-BY-4.0
4a818c45a1af091b.jpg,4a818c45a1af091ba5f1a7ed191dea7208f516c0e61ae7c0563248de7b4e4a6d,vlc_extracted00021_jpg.rf.3204dfcfe4c661cbb735605bb83ead5c.jpg,severe,0.03214,4,glare,CC-BY-4.0
7e710b7afb1760dd.jpg,7e710b7afb1760dde6a4f5afbce32062e46cdedc5c4d57bf918229a258f54701,vlc_extracted00026_jpg.rf.36bd75979b233d243fcf0491db9747e5.jpg,severe,0.0364,5,,CC-BY-4.0
416e8ff25782ac93.jpg,416e8ff25782ac931e9c8d7b70c6a21959a3b0b363d30d9179a7d469e94c3d9d,vlc_extracted00026_jpg.rf.36bd75979b233d243fcf0491db9747e5.jpg,severe,0.0364,5,blur,CC-BY-4.0
e362dc442abaed71.jpg,e362dc442abaed7167b3a349739e301232138566225f81178c6d3aa365992c44,vlc_extracted00031_jpg.rf.ad59e96ce7d9f9184e83cf9d78541c29.jpg,none,0.0,0,,CC-BY-4.0
ab8852b220391f1d.jpg,ab8852b220391f1d7c5f628e2dd593a8cfcfa3413c0d59c49273871dcc8c5ae7,vlc_extracted00031_jpg.rf.ad59e96ce7d9f9184e83cf9d78541c29.jpg,none,0.0,0,blur,CC-BY-4.0
62104b02cb0be48b.jpg,62104b02cb0be48b056b40a74e04ce2eb8908908a032c039708a06e84d980a22,vlc_extracted00031_jpg.rf.f60a37fa8d47b39d93d3800d403b69c3.jpg,severe,0.03793,5,,CC-BY-4.0
5f6b8abef5fcc98c.jpg,5f6b8abef5fcc98c5b15fdf5d6a60c813610e82a0c6405935670e41b91d96ffc,vlc_extracted00031_jpg.rf.f60a37fa8d47b39d93d3800d403b69c3.jpg,severe,0.03793,5,blur,CC-BY-4.0
18b53b6c15f748f3.jpg,18b53b6c15f748f38938ddf2e33331380738e1b07c377542899e3d05de5daf97,vlc_extracted00036_jpg.rf.e84e307311b54ca8dd1078bc427e9440.jpg,severe,0.04352,5,,CC-BY-4.0
542a1826b5b4db69.jpg,542a1826b5b4db696423c5af12af40545a82611b3498c32f2995029cd6f8c35b,vlc_extracted00036_jpg.rf.e84e307311b54ca8dd1078bc427e9440.jpg,severe,0.04352,5,low_light,CC-BY-4.0
336dea8d1a12ec4c.jpg,336dea8d1a12ec4cb2ef1e48de96a5e4d14db499c87da53c403ac8de1bd2eb9a,vlc_extracted00041_jpg.rf.02079737d18bdb8df58eb90b91939f42.jpg,severe,0.05025,5,,CC-BY-4.0
7f84745afedf23ce.jpg,7f84745afedf23ce30163d3979668a825c96faf6464a9dc1654dd3b5056f1176,vlc_extracted00041_jpg.rf.02079737d18bdb8df58eb90b91939f42.jpg,severe,0.05025,5,glare,CC-BY-4.0
1cbdfaeb4cfe94a4.jpg,1cbdfaeb4cfe94a4848dd2256b38743067b00feee800febcf11ece93b93d9cba,vlc_extracted00046_jpg.rf.16d4cbeef20d2090804893ed71416f96.jpg,severe,0.05128,5,,CC-BY-4.0
7d6cba3382b0cb22.jpg,7d6cba3382b0cb225632a513ac50c09fe5755b626efeea8e40d48821b3d131ab,vlc_extracted00046_jpg.rf.16d4cbeef20d2090804893ed71416f96.jpg,severe,0.05128,5,occlusion,CC-BY-4.0
639de5952fd171e9.jpg,639de5952fd171e95668095454ec03466566d143c0454f2ecff70142dd9a68d4,vlc_extracted00046_jpg.rf.dd6f6b723c53926ca38809a3c1727244.jpg,none,0.0,0,,CC-BY-4.0
5c1d52d022fd392d.jpg,5c1d52d022fd392d62049480a6536d7ad2cad7e721e6a71f2381118a0cb2fbba,vlc_extracted00046_jpg.rf.dd6f6b723c53926ca38809a3c1727244.jpg,none,0.0,0,occlusion,CC-BY-4.0
44bff61a91287f0a.jpg,44bff61a91287f0a957e903eed0ce99f9e04b85cf42da61f019b517dc50567ef,vlc_extracted00051_jpg.rf.6e02db22bf04ce8e32bf92378f0e273b.jpg,severe,0.05047,5,,CC-BY-4.0
85ee90dcf2a39290.jpg,85ee90dcf2a39290180eacda25f411d3a87de3412e9f758684c6483a1a774610,vlc_extracted00051_jpg.rf.6e02db22bf04ce8e32bf92378f0e273b.jpg,severe,0.05047,5,occlusion,CC-BY-4.0
a6975865e09d1f9c.jpg,a6975865e09d1f9c61b6fae560684aa3d4ff8772c4ed12ce16b6768e1b3f8813,vlc_extracted00056_jpg.rf.692e4a4d31731fb7f53eb5fc93a57341.jpg,severe,0.05149,5,,CC-BY-4.0
f86a64f59a635b12.jpg,f86a64f59a635b1246df54f55756d7a215ecd3fdf1379facbd11521b31f91d05,vlc_extracted00056_jpg.rf.692e4a4d31731fb7f53eb5fc93a57341.jpg,severe,0.05149,5,blur,CC-BY-4.0
3a885dd7a3b5c6e0.jpg,3a885dd7a3b5c6e00ccb80e5319f2c96ffa88d759dec32224ba9c04df039019f,vlc_extracted00061_jpg.rf.586ea9204996e6c3a85cf118334432f1.jpg,severe,0.05654,5,,CC-BY-4.0
bfd5128cb46c7677.jpg,bfd5128cb46c7677949cab31c710c410305a5b54dfbe493f55e7a2eaca3f7860,vlc_extracted00061_jpg.rf.586ea9204996e6c3a85cf118334432f1.jpg,severe,0.05654,5,blur,CC-BY-4.0
6d692a76d0f0bbcf.jpg,6d692a76d0f0bbcfee5dfeb28f53358b6b31f25ea7b3b2fc903bfbe903ffe51f,vlc_extracted00061_jpg.rf.f02b15625461cc6c38f53898d4bc604c.jpg,none,0.0,0,,CC-BY-4.0
5301f10ccf19971e.jpg,5301f10ccf19971e1383296a65274250a81ed62c91da1acd4a9941192d8802b1,vlc_extracted00061_jpg.rf.f02b15625461cc6c38f53898d4bc604c.jpg,none,0.0,0,low_light,CC-BY-4.0
57683d82f3f655a0.jpg,57683d82f3f655a091307b2e50077617bd25f4ac706b78f4fd844647220320ec,vlc_extracted00066_jpg.rf.c32d58ce8868715c5d0d3a1e3ae1767c.jpg,severe,0.05316,5,,CC-BY-4.0
0b10d0ee01e2ef4c.jpg,0b10d0ee01e2ef4cbc07a418f24b4d039d81004a9356f5a025058e67df33cb3f,vlc_extracted00066_jpg.rf.c32d58ce8868715c5d0d3a1e3ae1767c.jpg,severe,0.05316,5,low_light,CC-BY-4.0
1a42cf3ad17f52ca.jpg,1a42cf3ad17f52cab55126d5ab5f5e2a7d8442d3acd917e87b48f9302ab1f931,vlc_extracted00071_jpg.rf.2d2a4c19021d5cb671ee88ecd0a6c849.jpg,severe,0.05662,5,,CC-BY-4.0
6f93f4af7f4b3385.jpg,6f93f4af7f4b3385546ab5198a9bf2888f3f777d921fc9182e68887dcf520e02,vlc_extracted00071_jpg.rf.2d2a4c19021d5cb671ee88ecd0a6c849.jpg,severe,0.05662,5,blur,CC-BY-4.0
7349513e6854daf7.jpg,7349513e6854daf7fe216aca4d530c798f4f75a135f53beaa25e288bbd8ea28c,vlc_extracted00076_jpg.rf.cafa6ba16311ba16bf5c814a5a942cdf.jpg,severe,0.06977,5,,CC-BY-4.0
b8ec88769cd96e68.jpg,b8ec88769cd96e68a1800e7496e635e81ce067af552a560a8844d6e174e105ab,vlc_extracted00076_jpg.rf.cafa6ba16311ba16bf5c814a5a942cdf.jpg,severe,0.06977,5,low_light,CC-BY-4.0
8b42bacb21370b93.jpg,8b42bacb21370b933eefddde5bc192f19d9b12fb686316f28077a9a3b1307d8a,vlc_extracted00076_jpg.rf.e7286129b211d8b4848fef640516e38a.jpg,none,0.0,0,,CC-BY-4.0
933426e1944cdca4.jpg,933426e1944cdca4b931fed4e9ec167cd25db39cce4f78afb4df791512d41fd1,vlc_extracted00076_jpg.rf.e7286129b211d8b4848fef640516e38a.jpg,none,0.0,0,occlusion,CC-BY-4.0
975b26c5f9ec5ca3.jpg,975b26c5f9ec5ca30b72701974e11e04abf7aed0ec6cdb9175af5d88e9e8a736,vlc_extracted00081_jpg.rf.a454af6ba23504364419989e3472e071.jpg,severe,0.06739,5,,CC-BY-4.0
5260afda8b8edfc1.jpg,5260afda8b8edfc1ecf7b963ffd4711db0a6dae2a567d7aba2dcb232f6b97a8f,vlc_extracted00081_jpg.rf.a454af6ba23504364419989e3472e071.jpg,severe,0.06739,5,blur,CC-BY-4.0
f74a47c43fb23dc7.jpg,f74a47c43fb23dc7a10e7ef0b4e4ad61fb09aac29a5d6d74c059fe4ebdede765,vlc_extracted00086_jpg.rf.0e562036fcdd303ba1138699ad8f6194.jpg,severe,0.06422,5,,CC-BY-4.0
90cadfdb77c67d50.jpg,90cadfdb77c67d50e52e14f4fc05e128175e42260eeeab014076ed357fe9d259,vlc_extracted00086_jpg.rf.0e562036fcdd303ba1138699ad8f6194.jpg,severe,0.06422,5,low_light,CC-BY-4.0
457ebc5e12776f3c.jpg,457ebc5e12776f3c8204b3be19f6a98e3f31e8c3fbc082c3f8a04cdabe8549d3,vlc_extracted00091_jpg.rf.074a248fd6c4d4b33da62d4914cbed61.jpg,severe,0.071,5,,CC-BY-4.0
7138dc59ac3e1ed5.jpg,7138dc59ac3e1ed5f86a734d878eec8768ebd1759c62c6408fce6efcc867b192,vlc_extracted00091_jpg.rf.074a248fd6c4d4b33da62d4914cbed61.jpg,severe,0.071,5,blur,CC-BY-4.0
efe949753299d086.jpg,efe949753299d086880c8baa40e7cd0e11ef0ed8f65ac198a66ac692d42157ce,vlc_extracted00091_jpg.rf.31a942eb3b27d0f69a770841bbe3925e.jpg,none,0.0,0,,CC-BY-4.0
f89d7ac614f5aa36.jpg,f89d7ac614f5aa36ca65e68e2ec8dbbb6b3cfaaa0c65e3f14f9d12bbaf6527d5,vlc_extracted00091_jpg.rf.31a942eb3b27d0f69a770841bbe3925e.jpg,none,0.0,0,occlusion,CC-BY-4.0
3f150f59f4864dc5.jpg,3f150f59f4864dc52297e8a1b9da93544083131046ca9aee577257116494d4ed,vlc_extracted00096_jpg.rf.7c022dbde69ac043459fff23e56a67b9.jpg,severe,0.07907,5,,CC-BY-4.0
130617a91048be66.jpg,130617a91048be667b9320124fc7d10b1ee30d6fdb88a827bae4b5405d179bf8,vlc_extracted00096_jpg.rf.7c022dbde69ac043459fff23e56a67b9.jpg,severe,0.07907,5,occlusion,CC-BY-4.0
a8414c95a40a37db.jpg,a8414c95a40a37dbb8d034cc51e82ea1919feb45a04e6119bbb274db00d0dc7e,vlc_extracted00106_jpg.rf.72a7c1b9e44beffd2054f1df2100f44d.jpg,none,0.0,0,,CC-BY-4.0
c9d08f3cfe929db7.jpg,c9d08f3cfe929db787a596b789f84560d2424d8a39233811429a0bbefd4a42ac,vlc_extracted00106_jpg.rf.72a7c1b9e44beffd2054f1df2100f44d.jpg,none,0.0,0,occlusion,CC-BY-4.0
6250d667c0ef0e8b.jpg,6250d667c0ef0e8b23a3fdcb387c4f7de4089258df9d7952311856da5a86af76,vlc_extracted00121_jpg.rf.987525714d617219575d512b96063112.jpg,none,0.0,0,,CC-BY-4.0
7459a8a145d92d53.jpg,7459a8a145d92d53f1befaf44fd083c2aa55e452cb4248b9d6cf6057f01e4b55,vlc_extracted00121_jpg.rf.987525714d617219575d512b96063112.jpg,none,0.0,0,noise,CC-BY-4.0
7481ab7b0bcf807a.jpg,7481ab7b0bcf807a54a7f1db902b278baa0c0cf3360bd2615a2045724d019b6e,vlc_extracted00136_jpg.rf.ea3383aef823691df357f4e4bbfd7464.jpg,none,0.0,0,,CC-BY-4.0
d51f1e64770d5232.jpg,d51f1e64770d5232378185c59e6215af3787e4af0a55575bfd9e423c057ec0ca,vlc_extracted00136_jpg.rf.ea3383aef823691df357f4e4bbfd7464.jpg,none,0.0,0,glare,CC-BY-4.0
61391dcf05a85c54.jpg,61391dcf05a85c54e483312f10ae806bfd11b854b8a443d33cac2946b04141f4,vlc_extracted01711-1_jpg.rf.ae060d29f22f9bca487e64d94889c735.jpg,surface,0.00509,2,,CC-BY-4.0
b668e608e925b8f0.jpg,b668e608e925b8f099ead16e9cce90850a5a39c5217504a075e9fcd213bed127,vlc_extracted01711-1_jpg.rf.ae060d29f22f9bca487e64d94889c735.jpg,surface,0.00509,2,blur,CC-BY-4.0
16b1338cb5d586f9.jpg,16b1338cb5d586f925a0f205793a38e8be690ac928b06fa57fd91938b72bd52a,vlc_extracted01711-1crop2_jpg.rf.d30e786a5f19b46527a882c857565bb5.jpg,surface,0.00604,1,,CC-BY-4.0
3614b4c506c46bde.jpg,3614b4c506c46bde92eb994af42c2494b7d977ea0077029eafd039feb4937dc0,vlc_extracted01711-1crop2_jpg.rf.d30e786a5f19b46527a882c857565bb5.jpg,surface,0.00604,1,noise,CC-BY-4.0
4d950e6e1ae94357.jpg,4d950e6e1ae943578ab0c454f627911eeb9a53e24494aed51d9f51baa7ec0cd9,vlc_extracted01711-1crop3_jpg.rf.dbd8f107e2d6202d769c4aa3e2e3daf3.jpg,surface,0.01815,1,,CC-BY-4.0
accf931ef8821678.jpg,accf931ef8821678f3bfe7edca89c19662962e638adee0ea6ad9e44a98f19bbe,vlc_extracted01711-1crop3_jpg.rf.dbd8f107e2d6202d769c4aa3e2e3daf3.jpg,surface,0.01815,1,noise,CC-BY-4.0
df80c1c140fd46a9.jpg,df80c1c140fd46a94b1c23a6870f59522470f8636664cb6f7769ed541c426bb2,vlc_extracted01711-1crop_jpg.rf.2d0b9cc282fe102a112cdc4a09b0974e.jpg,none,0.0,0,,CC-BY-4.0
a82a1bd6b11b8c75.jpg,a82a1bd6b11b8c759e1e89e7daa6ed31039edfddd2c7879c356f4f255757336a,vlc_extracted01711-1crop_jpg.rf.2d0b9cc282fe102a112cdc4a09b0974e.jpg,none,0.0,0,noise,CC-BY-4.0
17f1e5eb5ee6069e.jpg,17f1e5eb5ee6069e075c89115d55324da90532adb1b7ba171f61f109a1e6b050,vlc_extracted01711_jpg.rf.c2406c120c36daeafb9dd2cc2d17262c.jpg,none,0.0,0,,CC-BY-4.0
ee545c6d3216dba9.jpg,ee545c6d3216dba9be1a9282ef7a946d60799c6d404a047c7bf75c388e2504d7,vlc_extracted01711_jpg.rf.c2406c120c36daeafb9dd2cc2d17262c.jpg,none,0.0,0,noise,CC-BY-4.0
29e88d06a71c607d.jpg,29e88d06a71c607dab3057e32883167befe5e26066543d34bb6e16b37f518be5,vlc_extracted01851-1_jpg.rf.b665e0f7173108e5b9f6907544e0425c.jpg,surface,0.00053,1,,CC-BY-4.0
d47126d45216a396.jpg,d47126d45216a3965b6ea96aa1b6d65f2e2ec5072fcb202d01e604d2c5d8bf3a,vlc_extracted01851-1_jpg.rf.b665e0f7173108e5b9f6907544e0425c.jpg,surface,0.00053,1,low_light,CC-BY-4.0
e8344540beecc701.jpg,e8344540beecc701e15dbae00ce68f07a104ac5123f287bc390dcdc0521f013c,vlc_extracted01851-1crop1_jpg.rf.2402c5b423a96cdc265c2a10e80d6557.jpg,none,0.0,0,,CC-BY-4.0
1ccc220e9ff6ba94.jpg,1ccc220e9ff6ba94d296888e90a1fead31095cc137cb1e382fa327179b6bd649,vlc_extracted01851-1crop1_jpg.rf.2402c5b423a96cdc265c2a10e80d6557.jpg,none,0.0,0,blur,CC-BY-4.0
5e05ddfd62c56763.jpg,5e05ddfd62c567638489d2fd928c778802d8aa9ff7a80ccf902810e0c4b18e4b,vlc_extracted01851-1crop2_jpg.rf.92456c23b47bb32b9b55a5fcc398a4bd.jpg,none,0.0,0,,CC-BY-4.0
962b10e793e43a90.jpg,962b10e793e43a9000456060c605932664629b55fd088ba37bd880c91f43dc92,vlc_extracted01851-1crop2_jpg.rf.92456c23b47bb32b9b55a5fcc398a4bd.jpg,none,0.0,0,occlusion,CC-BY-4.0
1fa32c4a7f4bd1a7.jpg,1fa32c4a7f4bd1a7f8af6ef488e678bf7f4807af9a65906cde76be19d71655d6,vlc_extracted01851-1crop3_jpg.rf.08b521ebb933f9ed08a851c766dd6d82.jpg,surface,0.00305,1,,CC-BY-4.0
2a6f219f0f6e8964.jpg,2a6f219f0f6e896475ecf5ca9b7f19f1abd3337f8697a0fb4af3bc68125dd10d,vlc_extracted01851-1crop3_jpg.rf.08b521ebb933f9ed08a851c766dd6d82.jpg,surface,0.00305,1,noise,CC-BY-4.0
a99a08b92b17a7b0.jpg,a99a08b92b17a7b0381443d018cf6b1a6000ab2fa55c6b895f22929498ae7a24,vlc_extracted01851_jpg.rf.4d681607e2ede37e959cb55e22fb4a36.jpg,none,0.0,0,,CC-BY-4.0
1c29285667014ee8.jpg,1c29285667014ee8f8e3af675145d93a5f9cae23c9b5bfa52bbf993432812b98,vlc_extracted01851_jpg.rf.4d681607e2ede37e959cb55e22fb4a36.jpg,none,0.0,0,blur,CC-BY-4.0
c63b961ba602ec29.jpg,c63b961ba602ec29e6713fea1da71e639a223c461fc2b67e8de664f4ecdf29c9,vlc_extracted01901-1_jpg.rf.293c137444493cc50cad86ab85225061.jpg,severe,0.02216,2,,CC-BY-4.0
514a5dc25fbeaf83.jpg,514a5dc25fbeaf83470f8b0b005299cd543b7663ed6e5ed83ee2682d1d35a31b,vlc_extracted01901-1_jpg.rf.293c137444493cc50cad86ab85225061.jpg,severe,0.02216,2,occlusion,CC-BY-4.0
71e1ffb14ed745c1.jpg,71e1ffb14ed745c12fa39770bb58b06ac13ce1ddf6117f3a675843efc3db200c,vlc_extracted01901_jpg.rf.9d8ab9657a77c6aa0c4c8c4dc46b2915.jpg,none,0.0,0,,CC-BY-4.0
385af39a50bdcbcc.jpg,385af39a50bdcbcc171d7f55005ef3cc80b4f2bf704ca46a49c5d26d87a4da3b,vlc_extracted01901_jpg.rf.9d8ab9657a77c6aa0c4c8c4dc46b2915.jpg,none,0.0,0,low_light,CC-BY-4.0
8c44b0300db9a98f.jpg,8c44b0300db9a98f66d497370845fca117b9efb6e3c5393924e0bcb80413aa6f,vlc_extracted02021_jpg.rf.65bec4ceb6419e83a30f2a1b6ee5c4bd.jpg,none,0.0,0,,CC-BY-4.0
8ad13f294858f2eb.jpg,8ad13f294858f2eb88403c61e18a298d76a93832d0f04d86966ab6f97085904e,vlc_extracted02021_jpg.rf.65bec4ceb6419e83a30f2a1b6ee5c4bd.jpg,none,0.0,0,occlusion,CC-BY-4.0
ab693892adf78643.jpg,ab693892adf78643bfd429b32a1f8336029414008c80484476fbfdf41883d29f,vlc_extracted02121-1--2-_jpg.rf.0971e110f40fad882544b658508b7d76.jpg,surface,0.003,2,,CC-BY-4.0
49ec31c179d83f96.jpg,49ec31c179d83f96db25b1f8400ce6c4cb41afda1a25b443425b8d92ef687e4e,vlc_extracted02121-1--2-_jpg.rf.0971e110f40fad882544b658508b7d76.jpg,surface,0.003,2,occlusion,CC-BY-4.0
8e5f539e90774590.jpg,8e5f539e90774590a2e03804790d46b7d37302a37f87d3216d76c65dcf74329d,vlc_extracted02121-1_jpg.rf.f0f1cc53dd9bea1553ebdc056e098b35.jpg,surface,0.00073,2,,CC-BY-4.0
dae7fcfb778b4ebb.jpg,dae7fcfb778b4ebb6640fcb3154e799ddca10bb33d6d7b7d254b6d75d3d7558b,vlc_extracted02121-1_jpg.rf.f0f1cc53dd9bea1553ebdc056e098b35.jpg,surface,0.00073,2,glare,CC-BY-4.0
5661fd87890acca2.jpg,5661fd87890acca2159cf80b7bc0bb1c96462a35b741a0495f52497e2e0e8b95,vlc_extracted02121_jpg.rf.2e3d3cd064122e1129affa6be1fa7b04.jpg,none,0.0,0,,CC-BY-4.0
a261fcc3dcd4b9a7.jpg,a261fcc3dcd4b9a7bd19657815d19a91b8d081b7c7fef8c554627a595b59ab55,vlc_extracted02121_jpg.rf.2e3d3cd064122e1129affa6be1fa7b04.jpg,none,0.0,0,low_light,CC-BY-4.0
9cc04b475737e76e.jpg,9cc04b475737e76ec4599b957731034239a8bd72d37bf5463578a89714d7c018,vlc_extracted02341-1_jpg.rf.e3b2ca46020f955b2a9408e4937dd252.jpg,surface,0.00647,2,,CC-BY-4.0
cd5aa6a3104e4725.jpg,cd5aa6a3104e47258221186327b18e73e2e5bb50c2c5ba4c2cbec7a498cdc352,vlc_extracted02341-1_jpg.rf.e3b2ca46020f955b2a9408e4937dd252.jpg,surface,0.00647,2,blur,CC-BY-4.0
911afa37dcd0959b.jpg,911afa37dcd0959b4ec7194ace3614658f9c60b2cc78a7f4a09685eb4949c328,vlc_extracted02341_jpg.rf.59a72da7dd7fa540cd1e8b71b5c4eba2.jpg,none,0.0,0,,CC-BY-4.0
1fa7f21cd241d1f0.jpg,1fa7f21cd241d1f08e5388dfbae0b83efd98186983883fef2bcb1b6072230031,vlc_extracted02341_jpg.rf.59a72da7dd7fa540cd1e8b71b5c4eba2.jpg,none,0.0,0,occlusion,CC-BY-4.0
cf3363338fe1c539.jpg,cf3363338fe1c53945a60d8bc27470224089aeba42e625466bf3aff5ed0dc1b5,vlc_extracted02371-1_jpg.rf.8187927a0dceba28caf8c4231d737e5d.jpg,surface,0.00106,2,,CC-BY-4.0
22bb5bf6b89e8bba.jpg,22bb5bf6b89e8bba2301d4eb2c15608c7ad49f9353fb9a42de9a1fc742d11496,vlc_extracted02371-1_jpg.rf.8187927a0dceba28caf8c4231d737e5d.jpg,surface,0.00106,2,noise,CC-BY-4.0
5a9218e35c1f64d0.jpg,5a9218e35c1f64d06e510a5eea4479ac605db02372c660e23cf8c1c2af58b433,vlc_extracted02371_jpg.rf.6e4c64f0c77e94cbfb5f92c86803f219.jpg,none,0.0,0,,CC-BY-4.0
df264de1283271ab.jpg,df264de1283271aba9ab1bea98ad32c14c4af8f4474c4ad2f35eb6cd683947e1,vlc_extracted02371_jpg.rf.6e4c64f0c77e94cbfb5f92c86803f219.jpg,none,0.0,0,glare,CC-BY-4.0
c1e2341494ff97b8.jpg,c1e2341494ff97b8cc522add91fd0ba5a380e383dbf90941cf9290b5f8c8bc06,vlc_extracted02431-1_jpg.rf.666df3287b3d35935b9db05d1513d89c.jpg,surface,0.00196,2,,CC-BY-4.0
b8e55c3ffdb782d4.jpg,b8e55c3ffdb782d4eaa2885c3681b694746bc10a236c73b3d148500aa27dc067,vlc_extracted02431-1_jpg.rf.666df3287b3d35935b9db05d1513d89c.jpg,surface,0.00196,2,low_light,CC-BY-4.0
e5a4b9884adf17f5.jpg,e5a4b9884adf17f57754cf29a5c7fbb705256a348cb05547713b535aa84b3ef8,vlc_extracted02431_jpg.rf.f4c892d8aeb41390de75b90e0f3bc2e5.jpg,none,0.0,0,,CC-BY-4.0
b45ed460841f982a.jpg,b45ed460841f982ae652312b6cc5b7b328b630ebb4344f6f5dda4e17aa26e623,vlc_extracted02431_jpg.rf.f4c892d8aeb41390de75b90e0f3bc2e5.jpg,none,0.0,0,glare,CC-BY-4.0
9f6e532ce5cae544.jpg,9f6e532ce5cae54402bf7b5f7469a3e1be7dbd9d903e0558b6a6f0dea72f4e4a,vlc_extracted02451-1_jpg.rf.943a33543205b49ef5e707c3942b6782.jpg,surface,0.00079,2,,CC-BY-4.0
71881463ca4dc45b.jpg,71881463ca4dc45b12a98bd300ac9b1f8fb420125e97878351c2004bdbf755ce,vlc_extracted02451-1_jpg.rf.943a33543205b49ef5e707c3942b6782.jpg,surface,0.00079,2,glare,CC-BY-4.0
05a154128d3aa618.jpg,05a154128d3aa6183d79888be2dd57131b27f304ec31718a8cc7ab86ab860eab,vlc_extracted02451_jpg.rf.49c6f9ac9e77530139ec06ea0d058e12.jpg,none,0.0,0,,CC-BY-4.0
45fd59cd46ff085b.jpg,45fd59cd46ff085bae049cd69a0216bd05e99ed927129d5fe0efb7c4b3d44918,vlc_extracted02451_jpg.rf.49c6f9ac9e77530139ec06ea0d058e12.jpg,none,0.0,0,blur,CC-BY-4.0
e6498621523f888b.jpg,e6498621523f888b5d5d30a0de934287b772360bde0cb706c63665f250efbd1b,vlc_extracted02461-1_jpg.rf.1837fa30fc355a9cd918a9048effdbdf.jpg,surface,0.00721,2,,CC-BY-4.0
75ad1f5c6f516a07.jpg,75ad1f5c6f516a07daf9281b5fd5acf3d7dfdf56947b9ae0fdb4e46e563a1714,vlc_extracted02461-1_jpg.rf.1837fa30fc355a9cd918a9048effdbdf.jpg,surface,0.00721,2,glare,CC-BY-4.0
d39c1b4c72ea01f7.jpg,d39c1b4c72ea01f7c0e8dc708161e66c16a9e1bd0baf7d834ba906bac9f8b552,vlc_extracted02461_jpg.rf.1c134d6b6b3936b040f2cb52aa1b6fd6.jpg,none,0.0,0,,CC-BY-4.0
0c460681e9f3e892.jpg,0c460681e9f3e892d275eefdf275ce076c22770ebc09ada7e643e110fdd8ac60,vlc_extracted02461_jpg.rf.1c134d6b6b3936b040f2cb52aa1b6fd6.jpg,none,0.0,0,low_light,CC-BY-4.0
3f316375b63a7eeb.jpg,3f316375b63a7eeb17a834f20d71dcb6a0fe7cd7373978cfae93bfcb0fc3a22d,vlc_extracted03441-1_jpg.rf.3545e1b7c0976e306af0b2484e08040e.jpg,surface,0.00577,2,,CC-BY-4.0
081e55114ac36c9b.jpg,081e55114ac36c9bc9e847e0546f940bd8f6e24604852ccf73a3d3c4f34db90f,vlc_extracted03441-1_jpg.rf.3545e1b7c0976e306af0b2484e08040e.jpg,surface,0.00577,2,low_light,CC-BY-4.0
36f6756dfeac3d3a.jpg,36f6756dfeac3d3a712dcfced54c0fecfcd6bf00f956abcc8a26a77f0814bfbe,vlc_extracted03441-1_jpg.rf.86498942199019d96ccac56eaf44178c.jpg,surface,0.00807,2,,CC-BY-4.0
453174f51af5f74f.jpg,453174f51af5f74f3d738a0486e09b4b066e292adaca336b0f4f4810ce545e67,vlc_extracted03441-1_jpg.rf.86498942199019d96ccac56eaf44178c.jpg,surface,0.00807,2,noise,CC-BY-4.0
81974bff00e74c10.jpg,81974bff00e74c104d06584ca72577b1812abcfb92b2807bb0463cc9d696254c,vlc_extracted03441-1crop_jpg.rf.f55b9e61dc30a528e9a64072445d2bb0.jpg,none,0.0,0,,CC-BY-4.0
e64d88834916fd8a.jpg,e64d88834916fd8a19851633214ac7f2537f4d9d2608b7fbe8543fb93c1091a5,vlc_extracted03441-1crop_jpg.rf.f55b9e61dc30a528e9a64072445d2bb0.jpg,none,0.0,0,low_light,CC-BY-4.0
2234ac9e82680269.jpg,2234ac9e826802694789160ffb2acc8ec2a5a015363fe70b9c0faa90c398a451,vlc_extracted03441_jpg.rf.7c378dacdc216f21e0e892f0e2e72abd.jpg,none,0.0,0,,CC-BY-4.0
9cccee7fdefee542.jpg,9cccee7fdefee542e1008426acf1c5b364d640e1b7278c138c3092abb44f65e5,vlc_extracted03441_jpg.rf.7c378dacdc216f21e0e892f0e2e72abd.jpg,none,0.0,0,noise,CC-BY-4.0
4bc1d41481e78282.jpg,4bc1d41481e782824820aa5f7a53646c326c224cb0cbad0c1f597ec6af0f0c8c,vlc_extracted03441_jpg.rf.f907681af41325acf9aa9e8eda398c40.jpg,none,0.0,0,,CC-BY-4.0
9424cf02ce6ebc60.jpg,9424cf02ce6ebc609ee3e020648083adaea8c24267cd5dd6a66c9b7165beab5d,vlc_extracted03441_jpg.rf.f907681af41325acf9aa9e8eda398c40.jpg,none,0.0,0,occlusion,CC-BY-4.0
dc0654abeb6c62fb.jpg,dc0654abeb6c62fb5135896f8bccc4908dca98a73162f3966d703e6eedbb4485,vlc_extracted03491-1_jpg.rf.aa358296716339b23f5e3d2181627ed2.jpg,surface,0.00385,2,,CC-BY-4.0
10996e2f31139faf.jpg,10996e2f31139faf48ee83e9e5056e79d1e7a5dbf07d6483d52c6a45a258a36d,vlc_extracted03491-1_jpg.rf.aa358296716339b23f5e3d2181627ed2.jpg,surface,0.00385,2,glare,CC-BY-4.0
fa8c05a245c41b06.jpg,fa8c05a245c41b06df401f26b3bf84578c7827438befd643ea24f22259a1e7c6,vlc_extracted03491-1_jpg.rf.ae4de1e4e58838ddbb08d323fd20de11.jpg,surface,0.00315,2,,CC-BY-4.0
3601014075b5eace.jpg,3601014075b5eaceacc83a850f5524412d81050ea246f793149e1da26545006c,vlc_extracted03491-1_jpg.rf.ae4de1e4e58838ddbb08d323fd20de11.jpg,surface,0.00315,2,glare,CC-BY-4.0
e355137adbe941ba.jpg,e355137adbe941ba4304307455ead950f724dd4323a2f7fdd2c8e2eca9cf8907,vlc_extracted03491-1crop_jpg.rf.c7e107f407a9e76b0e0a606a9cda782e.jpg,surface,0.00857,1,,CC-BY-4.0
7b840a62d8d02247.jpg,7b840a62d8d022472d1d7aeec6ed46f5ce093d14acfc25d5e2e82dc1a6ae9967,vlc_extracted03491-1crop_jpg.rf.c7e107f407a9e76b0e0a606a9cda782e.jpg,surface,0.00857,1,low_light,CC-BY-4.0
8d5980b90a1a8e7f.jpg,8d5980b90a1a8e7ff965127ebbfb87c431834c93532d956c7f227a7cc2877a16,vlc_extracted03491_jpg.rf.16965cc2a3bcb98919e69f09f78478cd.jpg,none,0.0,0,,CC-BY-4.0
1686dbe3d0204561.jpg,1686dbe3d0204561e0f52b8aa0e39925e67c3ae98bddabb9576201377ec9e16d,vlc_extracted03491_jpg.rf.16965cc2a3bcb98919e69f09f78478cd.jpg,none,0.0,0,glare,CC-BY-4.0
3a42373d242b4dd6.jpg,3a42373d242b4dd695dade1118c1b0f18cd103edb1bfa4364cb1c42a44238dcd,vlc_extracted03491_jpg.rf.cd840585ba9fce4e1bfd261873ae34c6.jpg,none,0.0,0,,CC-BY-4.0
ef7a57ca40880354.jpg,ef7a57ca40880354e1ca19d9ad00a399b089d773cdcbc26a19738d8b585b41d1,vlc_extracted03491_jpg.rf.cd840585ba9fce4e1bfd261873ae34c6.jpg,none,0.0,0,glare,CC-BY-4.0
372b14d61d765dd2.jpg,372b14d61d765dd28e459cf32714a206ccbb05291bcfd4d59fc970106ebfe493,vlc_extracted03571-1_jpg.rf.4452341f5fafe61118c6b7257c18f991.jpg,surface,0.00135,1,,CC-BY-4.0
d71e9fd6dcdfb21f.jpg,d71e9fd6dcdfb21fa3e66f7dd163a165c4bc013b2fac5618c0ffd808011f00b0,vlc_extracted03571-1_jpg.rf.4452341f5fafe61118c6b7257c18f991.jpg,surface,0.00135,1,occlusion,CC-BY-4.0
be05bfffefa64659.jpg,be05bfffefa64659ab0fe203c5558e0867efde37e67c25e6846f24c77890365e,vlc_extracted03571-1_jpg.rf.77510c3fc1ed83e2e5ca37db5685865e.jpg,surface,0.00321,2,,CC-BY-4.0
a747b61f2cff5146.jpg,a747b61f2cff51469d1a2d409232a16033b0801737e0b1e30b9a1a13c46d71b5,vlc_extracted03571-1_jpg.rf.77510c3fc1ed83e2e5ca37db5685865e.jpg,surface,0.00321,2,noise,CC-BY-4.0
c5d4deee9c357a40.jpg,c5d4deee9c357a406bffd148328e39eea2d4215cbef44f1d4f484cb3528f710d,vlc_extracted03571-1crop1_jpg.rf.28060914ce658c747fc01baf793846dc.jpg,surface,0.0067,1,,CC-BY-4.0
94555852ebda2ea9.jpg,94555852ebda2ea9194efe600ba57003b971bf7509a9441deecbb36f888b135e,vlc_extracted03571-1crop1_jpg.rf.28060914ce658c747fc01baf793846dc.jpg,surface,0.0067,1,noise,CC-BY-4.0
4fe1e592ba2d2480.jpg,4fe1e592ba2d2480e06a54f937abfd2a484831528b0ae946814d8718263897b8,vlc_extracted03571-1crop2_jpg.rf.59c42f51d34905cde0a64f02ae880511.jpg,none,0.0,0,,CC-BY-4.0
a9321486f6f71fcd.jpg,a9321486f6f71fcd95dee9cfde52366703fb3815c6ffd9f915a15cbc60a548a3,vlc_extracted03571-1crop2_jpg.rf.59c42f51d34905cde0a64f02ae880511.jpg,none,0.0,0,noise,CC-BY-4.0
9c330019ce35cf7c.jpg,9c330019ce35cf7c02513fc9ee1484e2d6f8a58af5d3b15144012c62bd383364,vlc_extracted03571-1crop_jpg.rf.87d25099539d17cf2d4d13018e33fcec.jpg,surface,0.00304,1,,CC-BY-4.0
6e9279469d893abd.jpg,6e9279469d893abd73a7bcbeb53fa4472d106582ea096f5714a7dc3579ba6e9f,vlc_extracted03571-1crop_jpg.rf.87d25099539d17cf2d4d13018e33fcec.jpg,surface,0.00304,1,occlusion,CC-BY-4.0
4bc1ead3def040cf.jpg,4bc1ead3def040cf4d9628812e52699c27356728c7a19d84c359a4fbb059aabd,vlc_extracted03571_jpg.rf.10f48be040b7dfe66da4e99130956a7d.jpg,none,0.0,0,,CC-BY-4.0
eb968ee4198be7b7.jpg,eb968ee4198be7b7d12374ad2718a5648db44c79306f5f84eb0d957f2e970b17,vlc_extracted03571_jpg.rf.10f48be040b7dfe66da4e99130956a7d.jpg,none,0.0,0,blur,CC-BY-4.0
fab37db8fd46f8ff.jpg,fab37db8fd46f8ff7a2b24ac4d3fe00a0393626653401aaa14581298288d4176,vlc_extracted03581-1_jpg.rf.a842e0a5634f7c8d51da0fc91755b1fb.jpg,surface,0.00302,2,,CC-BY-4.0
089f999ce8164f8e.jpg,089f999ce8164f8e349274ba2e3238b59c6967c3509e53445d47e2f20eb78c4d,vlc_extracted03581-1_jpg.rf.a842e0a5634f7c8d51da0fc91755b1fb.jpg,surface,0.00302,2,occlusion,CC-BY-4.0
39314a79d676217f.jpg,39314a79d676217f2c703254e02f1f0376fab7472e2b149610a5461ac33bc6b0,vlc_extracted03581_jpg.rf.fdb6b95dabceab33ffe413ebe1825a1b.jpg,none,0.0,0,,CC-BY-4.0
4f21e612c95c60e3.jpg,4f21e612c95c60e38d79b18438d12fb413be49d87fe88bd988ccd00da66a9912,vlc_extracted03581_jpg.rf.fdb6b95dabceab33ffe413ebe1825a1b.jpg,none,0.0,0,glare,CC-BY-4.0
31582332ca2c755f.jpg,31582332ca2c755f7503caa435215b0a66c8b9f2f2fc1572c607649aab1267e4,vlc_extracted03751-1_jpg.rf.eb8eca42560a066dabd21de7826db466.jpg,surface,0.00432,2,,CC-BY-4.0
2d72c9aa7a2d603f.jpg,2d72c9aa7a2d603f2982275ca2d3e03a25988a0446d21aa29cc02cc594d3a4d1,vlc_extracted03751-1_jpg.rf.eb8eca42560a066dabd21de7826db466.jpg,surface,0.00432,2,glare,CC-BY-4.0
db0813ed4fccb1c5.jpg,db0813ed4fccb1c54c98e7c7ef2da688e633c024d469ef3d79e1241e88a70f7c,vlc_extracted03751_jpg.rf.ba181caf6b0c30f09462234ac4630d15.jpg,none,0.0,0,,CC-BY-4.0
3295ed81be9feeb8.jpg,3295ed81be9feeb873f064c0235763d87059482c003fa8a53db833b9901f44b1,vlc_extracted03751_jpg.rf.ba181caf6b0c30f09462234ac4630d15.jpg,none,0.0,0,low_light,CC-BY-4.0
0862da6118a016c4.jpg,0862da6118a016c4c3d96f0063d6abe71901e8a16e0efb073b1ae0a05365a266,vlc_extracted03761-1_jpg.rf.b297de77dcabb24691939ac7277856d4.jpg,surface,0.01117,2,,CC-BY-4.0
5d56123644f29d6c.jpg,5d56123644f29d6c54d1bf6d87acc935a0055a93c1601a3b102cb9a368c0a4a4,vlc_extracted03761-1_jpg.rf.b297de77dcabb24691939ac7277856d4.jpg,surface,0.01117,2,blur,CC-BY-4.0
df87e582ce5ca684.jpg,df87e582ce5ca684eb8a9c2b6533ab5acc1f56b99489b9be0631a2e46db905f7,vlc_extracted03761_jpg.rf.24baa425a49b24adbffe98fd4afc5ed1.jpg,none,0.0,0,,CC-BY-4.0
5c393c93f2d44229.jpg,5c393c93f2d442295c72381dee43d89b73cdea3eff8f2d5101cace6f135c7042,vlc_extracted03761_jpg.rf.24baa425a49b24adbffe98fd4afc5ed1.jpg,none,0.0,0,noise,CC-BY-4.0
b3850824d16554e5.jpg,b3850824d16554e5933a2e58f7e109a92c5cd3253288adcc5c47595a224c4815,vlc_extracted03841_jpg.rf.7472928e08762cf6b8c0539df9dc9e2b.jpg,none,0.0,0,,CC-BY-4.0
f475bbd82deec39d.jpg,f475bbd82deec39d1ffe43a6353e60c220697d5f70fba711499c5867590a7fcd,vlc_extracted03841_jpg.rf.7472928e08762cf6b8c0539df9dc9e2b.jpg,none,0.0,0,glare,CC-BY-4.0
3ee0259818233974.jpg,3ee0259818233974481b93f260fdc8dd98a74926adc0dac8efa1244d02b750cb,vlc_extracted03861-1_jpg.rf.53eaece5977058164fa7b2b95fff134f.jpg,severe,0.0331,3,,CC-BY-4.0
d5681bdce586f6c4.jpg,d5681bdce586f6c41784ed8968838a5bb6b9542953fef420705ce80da24deda2,vlc_extracted03861-1_jpg.rf.53eaece5977058164fa7b2b95fff134f.jpg,severe,0.0331,3,occlusion,CC-BY-4.0
207da5d449dd2615.jpg,207da5d449dd261529b71ebb110c1d989135f9ba4401fb6ab03349da151e53b0,vlc_extracted03861_jpg.rf.d131848c0ec6143f00a86b1de2b9dbff.jpg,none,0.0,0,,CC-BY-4.0
65bfa88962bc0715.jpg,65bfa88962bc0715d7822586ee12860b7b2fc35e38ced60a76921743595afbce,vlc_extracted03861_jpg.rf.d131848c0ec6143f00a86b1de2b9dbff.jpg,none,0.0,0,noise,CC-BY-4.0
0341262a9fe06f1e.jpg,0341262a9fe06f1e5c83e606d38ae3c721c5d13209f10e556ef6bb3f73bfdcb2,vlc_extracted04031-1_jpg.rf.477e7fc9c1afdc8821cca30b6ae0c01d.jpg,surface,0.00143,2,,CC-BY-4.0
86ec4a6de91d4a5d.jpg,86ec4a6de91d4a5da0a19fe40bc2ad385d05ddf785502ecc17e24040449d2a73,vlc_extracted04031-1_jpg.rf.477e7fc9c1afdc8821cca30b6ae0c01d.jpg,surface,0.00143,2,blur,CC-BY-4.0
9a1a5fc4ed1bcb94.jpg,9a1a5fc4ed1bcb9433e92f6589061c3f8b7d712b2f6ecba352d00f2b235468f4,vlc_extracted04031_jpg.rf.4a46fcaf4e3567ea449aa296bd472cf2.jpg,none,0.0,0,,CC-BY-4.0
92ee160fe4a6f7aa.jpg,92ee160fe4a6f7aacc1f1210364f7f30d645874afea26a7b00dbf785c4848e11,vlc_extracted04031_jpg.rf.4a46fcaf4e3567ea449aa296bd472cf2.jpg,none,0.0,0,glare,CC-BY-4.0
607ac25694523791.jpg,607ac256945237911f1c490d353fba115c165a5cf546fe5762db813fed57273d,vlc_extracted04111-1_jpg.rf.5daa402d1c106d3a2af1324b49e9c736.jpg,surface,0.00131,2,,CC-BY-4.0
71aeaa505319cc6b.jpg,71aeaa505319cc6b53646288e41046da5ccc9e954dfbb0cec502f4d1d8c71db6,vlc_extracted04111-1_jpg.rf.5daa402d1c106d3a2af1324b49e9c736.jpg,surface,0.00131,2,low_light,CC-BY-4.0
6bc831b270e3890c.jpg,6bc831b270e3890c87a65692989ad243d743b0962b5059676debc2a118853c91,vlc_extracted04111_jpg.rf.2cbf1ca1a1ebcbf8cbd47c332626d755.jpg,none,0.0,0,,CC-BY-4.0
1c9d992342e37479.jpg,1c9d992342e37479b3b0c5f9ef96bf6bb74bc629077cd157e0b987ceff1e4e5b,vlc_extracted04111_jpg.rf.2cbf1ca1a1ebcbf8cbd47c332626d755.jpg,none,0.0,0,glare,CC-BY-4.0
